Band,Event
1q21-24,Amp.1.144298475.176428953
1q21-24,Amp.1.177280980.177919292
19p13.2,Amp.19.8419201.11702673
6q23-25,Amp.6.131726401.154768240
